button.numClicks,button.timesOn,button.timesOff,participant,ProlificID,age,biological sex,date,expName,psychopyVersion,OS,frameRate,key_resp_sizecalibration.keys,key_resp_sizecalibration.rt,X Scale,Y Scale,key_resp_2.keys,key_resp_2.rt,key_resp_instruction2.keys,key_resp_instruction2.rt,start_specularN,condition,key_resp.keys,key_resp.rt,slider.response,slider.rt,practice_trial.thisRepN,practice_trial.thisTrialN,practice_trial.thisN,practice_trial.thisIndex,practice_trial.ran,imgN,main_trials.thisRepN,main_trials.thisTrialN,main_trials.thisN,main_trials.thisIndex,main_trials.ran,key_resp_3.keys,key_resp_3.rt
1,[47.89312499999869],[47.893324999997276],865,5e1e319cac30fa19d1e131fe,56,female,2022-11-22_17h13.54,onlinegloss,2022.2.3,Linux armv7l,60.0024001,,,,,,,,,,,,,,,,,,,,,,,,,,,
,,,865,5e1e319cac30fa19d1e131fe,56,female,2022-11-22_17h13.54,onlinegloss,2022.2.3,Linux armv7l,60.0024001,space,6.78701,,,,,,,,,,,,,,,,,,,,,,,,,
,,,865,5e1e319cac30fa19d1e131fe,56,female,2022-11-22_17h13.54,onlinegloss,2022.2.3,Linux armv7l,60.0024001,,,46.7,40.2,,,,,,,,,,,,,,,,,,,,,,,
,,,865,5e1e319cac30fa19d1e131fe,56,female,2022-11-22_17h13.54,onlinegloss,2022.2.3,Linux armv7l,60.0024001,,,,,space,15.3202,,,,,,,,,,,,,,,,,,,,,
,,,865,5e1e319cac30fa19d1e131fe,56,female,2022-11-22_17h13.54,onlinegloss,2022.2.3,Linux armv7l,60.0024001,,,,,,,,,,,,,,,,,,,,,,,,,,,
,,,865,5e1e319cac30fa19d1e131fe,56,female,2022-11-22_17h13.54,onlinegloss,2022.2.3,Linux armv7l,60.0024001,,,,,,,space,28.427315,,,,,,,,,,,,,,,,,,,
,,,865,5e1e319cac30fa19d1e131fe,56,female,2022-11-22_17h13.54,onlinegloss,2022.2.3,Linux armv7l,60.0024001,,,,,,,,,27,2,space,76.597355,31,75.749425,0,0,0,0,1,101,,,,,,,
,,,865,5e1e319cac30fa19d1e131fe,56,female,2022-11-22_17h13.54,onlinegloss,2022.2.3,Linux armv7l,60.0024001,,,,,,,,,30,2,space,10.53404,22,9.965095,0,1,1,1,1,102,,,,,,,
,,,865,5e1e319cac30fa19d1e131fe,56,female,2022-11-22_17h13.54,onlinegloss,2022.2.3,Linux armv7l,60.0024001,,,,,,,,,46,2,space,14.69765,14,14.236395,,,,,,73,0,0,0,73,1,,
,,,865,5e1e319cac30fa19d1e131fe,56,female,2022-11-22_17h13.54,onlinegloss,2022.2.3,Linux armv7l,60.0024001,,,,,,,,,30,2,space,12.932405,19,12.33858,,,,,,43,0,1,1,43,1,,
,,,865,5e1e319cac30fa19d1e131fe,56,female,2022-11-22_17h13.54,onlinegloss,2022.2.3,Linux armv7l,60.0024001,,,,,,,,,35,2,space,22.153775,1,21.52077,,,,,,42,0,2,2,42,1,,
,,,865,5e1e319cac30fa19d1e131fe,56,female,2022-11-22_17h13.54,onlinegloss,2022.2.3,Linux armv7l,60.0024001,,,,,,,,,44,2,space,22.94874,7,21.53583,,,,,,61,0,3,3,61,1,,
,,,865,5e1e319cac30fa19d1e131fe,56,female,2022-11-22_17h13.54,onlinegloss,2022.2.3,Linux armv7l,60.0024001,,,,,,,,,39,2,space,22.937615,10,22.202075,,,,,,30,0,4,4,30,1,,
,,,865,5e1e319cac30fa19d1e131fe,56,female,2022-11-22_17h13.54,onlinegloss,2022.2.3,Linux armv7l,60.0024001,,,,,,,,,31,2,space,12.985845,26,12.487135,,,,,,54,0,5,5,54,1,,
,,,865,5e1e319cac30fa19d1e131fe,56,female,2022-11-22_17h13.54,onlinegloss,2022.2.3,Linux armv7l,60.0024001,,,,,,,,,41,2,space,12.037065,18,11.533315,,,,,,40,0,6,6,40,1,,
,,,865,5e1e319cac30fa19d1e131fe,56,female,2022-11-22_17h13.54,onlinegloss,2022.2.3,Linux armv7l,60.0024001,,,,,,,,,43,2,space,16.684955,14,16.08915,,,,,,12,0,7,7,12,1,,
,,,865,5e1e319cac30fa19d1e131fe,56,female,2022-11-22_17h13.54,onlinegloss,2022.2.3,Linux armv7l,60.0024001,,,,,,,,,31,2,space,10.188445,24,9.652855,,,,,,68,0,8,8,68,1,,
,,,865,5e1e319cac30fa19d1e131fe,56,female,2022-11-22_17h13.54,onlinegloss,2022.2.3,Linux armv7l,60.0024001,,,,,,,,,41,2,space,11.34175,33,10.80725,,,,,,67,0,9,9,67,1,,
,,,865,5e1e319cac30fa19d1e131fe,56,female,2022-11-22_17h13.54,onlinegloss,2022.2.3,Linux armv7l,60.0024001,,,,,,,,,36,2,space,14.845935,13,14.270325,,,,,,56,0,10,10,56,1,,
,,,865,5e1e319cac30fa19d1e131fe,56,female,2022-11-22_17h13.54,onlinegloss,2022.2.3,Linux armv7l,60.0024001,,,,,,,,,46,2,space,10.66842,16,9.999515,,,,,,46,0,11,11,46,1,,
,,,865,5e1e319cac30fa19d1e131fe,56,female,2022-11-22_17h13.54,onlinegloss,2022.2.3,Linux armv7l,60.0024001,,,,,,,,,35,2,space,6.90249,1,6.47505,,,,,,31,0,12,12,31,1,,
,,,865,5e1e319cac30fa19d1e131fe,56,female,2022-11-22_17h13.54,onlinegloss,2022.2.3,Linux armv7l,60.0024001,,,,,,,,,46,2,space,28.35891,48,27.52012,,,,,,74,0,13,13,74,1,,
,,,865,5e1e319cac30fa19d1e131fe,56,female,2022-11-22_17h13.54,onlinegloss,2022.2.3,Linux armv7l,60.0024001,,,,,,,,,29,2,space,12.880865,34,12.14517,,,,,,83,0,14,14,83,1,,
,,,865,5e1e319cac30fa19d1e131fe,56,female,2022-11-22_17h13.54,onlinegloss,2022.2.3,Linux armv7l,60.0024001,,,,,,,,,32,2,space,7.4639,25,7.00726,,,,,,23,0,15,15,23,1,,
,,,865,5e1e319cac30fa19d1e131fe,56,female,2022-11-22_17h13.54,onlinegloss,2022.2.3,Linux armv7l,60.0024001,,,,,,,,,42,2,space,20.47372,35,19.520345,,,,,,1,0,16,16,1,1,,
,,,865,5e1e319cac30fa19d1e131fe,56,female,2022-11-22_17h13.54,onlinegloss,2022.2.3,Linux armv7l,60.0024001,,,,,,,,,42,2,space,9.617595,37,9.10706,,,,,,69,0,17,17,69,1,,
,,,865,5e1e319cac30fa19d1e131fe,56,female,2022-11-22_17h13.54,onlinegloss,2022.2.3,Linux armv7l,60.0024001,,,,,,,,,50,2,space,12.02374,8,10.804485,,,,,,20,0,18,18,20,1,,
,,,865,5e1e319cac30fa19d1e131fe,56,female,2022-11-22_17h13.54,onlinegloss,2022.2.3,Linux armv7l,60.0024001,,,,,,,,,26,2,space,18.739465,3,17.654515,,,,,,2,0,19,19,2,1,,
,,,865,5e1e319cac30fa19d1e131fe,56,female,2022-11-22_17h13.54,onlinegloss,2022.2.3,Linux armv7l,60.0024001,,,,,,,,,45,2,space,13.2151,27,11.91614,,,,,,32,0,20,20,32,1,,
,,,865,5e1e319cac30fa19d1e131fe,56,female,2022-11-22_17h13.54,onlinegloss,2022.2.3,Linux armv7l,60.0024001,,,,,,,,,38,2,space,12.828665,1,12.392,,,,,,51,0,21,21,51,1,,
,,,865,5e1e319cac30fa19d1e131fe,56,female,2022-11-22_17h13.54,onlinegloss,2022.2.3,Linux armv7l,60.0024001,,,,,,,,,26,2,space,10.35867,11,9.23682,,,,,,11,0,22,22,11,1,,
,,,865,5e1e319cac30fa19d1e131fe,56,female,2022-11-22_17h13.54,onlinegloss,2022.2.3,Linux armv7l,60.0024001,,,,,,,,,34,2,space,13.133435,36,12.371915,,,,,,63,0,23,23,63,1,,
,,,865,5e1e319cac30fa19d1e131fe,56,female,2022-11-22_17h13.54,onlinegloss,2022.2.3,Linux armv7l,60.0024001,,,,,,,,,30,2,space,15.011555,33,14.355185,,,,,,72,0,24,24,72,1,,
,,,865,5e1e319cac30fa19d1e131fe,56,female,2022-11-22_17h13.54,onlinegloss,2022.2.3,Linux armv7l,60.0024001,,,,,,,,,50,2,space,9.35197,23,8.75784,,,,,,78,0,25,25,78,1,,
,,,865,5e1e319cac30fa19d1e131fe,56,female,2022-11-22_17h13.54,onlinegloss,2022.2.3,Linux armv7l,60.0024001,,,,,,,,,41,2,space,16.06224,17,15.254995,,,,,,22,0,26,26,22,1,,
,,,865,5e1e319cac30fa19d1e131fe,56,female,2022-11-22_17h13.54,onlinegloss,2022.2.3,Linux armv7l,60.0024001,,,,,,,,,37,2,space,10.347015,32,9.90603,,,,,,24,0,27,27,24,1,,
,,,865,5e1e319cac30fa19d1e131fe,56,female,2022-11-22_17h13.54,onlinegloss,2022.2.3,Linux armv7l,60.0024001,,,,,,,,,30,2,space,12.352375,5,10.16811,,,,,,50,0,28,28,50,1,,
,,,865,5e1e319cac30fa19d1e131fe,56,female,2022-11-22_17h13.54,onlinegloss,2022.2.3,Linux armv7l,60.0024001,,,,,,,,,35,2,space,10.38635,22,9.37184,,,,,,25,0,29,29,25,1,,
,,,865,5e1e319cac30fa19d1e131fe,56,female,2022-11-22_17h13.54,onlinegloss,2022.2.3,Linux armv7l,60.0024001,,,,,,,,,49,2,space,12.02203,18,11.221395,,,,,,16,0,30,30,16,1,,
,,,865,5e1e319cac30fa19d1e131fe,56,female,2022-11-22_17h13.54,onlinegloss,2022.2.3,Linux armv7l,60.0024001,,,,,,,,,45,2,space,9.154465,39,8.696735,,,,,,84,0,31,31,84,1,,
,,,865,5e1e319cac30fa19d1e131fe,56,female,2022-11-22_17h13.54,onlinegloss,2022.2.3,Linux armv7l,60.0024001,,,,,,,,,32,2,space,14.589545,13,13.94096,,,,,,66,0,32,32,66,1,,
,,,865,5e1e319cac30fa19d1e131fe,56,female,2022-11-22_17h13.54,onlinegloss,2022.2.3,Linux armv7l,60.0024001,,,,,,,,,27,2,space,10.38152,16,9.65745,,,,,,58,0,33,33,58,1,,
,,,865,5e1e319cac30fa19d1e131fe,56,female,2022-11-22_17h13.54,onlinegloss,2022.2.3,Linux armv7l,60.0024001,,,,,,,,,42,2,space,9.35863,36,8.887225,,,,,,41,0,34,34,41,1,,
,,,865,5e1e319cac30fa19d1e131fe,56,female,2022-11-22_17h13.54,onlinegloss,2022.2.3,Linux armv7l,60.0024001,,,,,,,,,48,2,space,11.78315,25,11.3857,,,,,,38,0,35,35,38,1,,
,,,865,5e1e319cac30fa19d1e131fe,56,female,2022-11-22_17h13.54,onlinegloss,2022.2.3,Linux armv7l,60.0024001,,,,,,,,,34,2,space,8.64417,33,8.35745,,,,,,76,0,36,36,76,1,,
,,,865,5e1e319cac30fa19d1e131fe,56,female,2022-11-22_17h13.54,onlinegloss,2022.2.3,Linux armv7l,60.0024001,,,,,,,,,49,2,space,8.880155,25,8.40559,,,,,,59,0,37,37,59,1,,
,,,865,5e1e319cac30fa19d1e131fe,56,female,2022-11-22_17h13.54,onlinegloss,2022.2.3,Linux armv7l,60.0024001,,,,,,,,,28,2,space,15.003865,41,14.101735,,,,,,81,0,38,38,81,1,,
,,,865,5e1e319cac30fa19d1e131fe,56,female,2022-11-22_17h13.54,onlinegloss,2022.2.3,Linux armv7l,60.0024001,,,,,,,,,38,2,space,7.37134,14,6.64162,,,,,,52,0,39,39,52,1,,
,,,865,5e1e319cac30fa19d1e131fe,56,female,2022-11-22_17h13.54,onlinegloss,2022.2.3,Linux armv7l,60.0024001,,,,,,,,,40,2,space,11.421365,28,10.39894,,,,,,36,0,40,40,36,1,,
,,,865,5e1e319cac30fa19d1e131fe,56,female,2022-11-22_17h13.54,onlinegloss,2022.2.3,Linux armv7l,60.0024001,,,,,,,,,30,2,space,9.34804,12,8.93199,,,,,,71,0,41,41,71,1,,
,,,865,5e1e319cac30fa19d1e131fe,56,female,2022-11-22_17h13.54,onlinegloss,2022.2.3,Linux armv7l,60.0024001,,,,,,,,,32,2,space,9.07304,33,8.62132,,,,,,34,0,42,42,34,1,,
,,,865,5e1e319cac30fa19d1e131fe,56,female,2022-11-22_17h13.54,onlinegloss,2022.2.3,Linux armv7l,60.0024001,,,,,,,,,30,2,space,5.256265,24,4.91621,,,,,,44,0,43,43,44,1,,
,,,865,5e1e319cac30fa19d1e131fe,56,female,2022-11-22_17h13.54,onlinegloss,2022.2.3,Linux armv7l,60.0024001,,,,,,,,,27,2,space,6.63046,18,6.13457,,,,,,80,0,44,44,80,1,,
,,,865,5e1e319cac30fa19d1e131fe,56,female,2022-11-22_17h13.54,onlinegloss,2022.2.3,Linux armv7l,60.0024001,,,,,,,,,40,2,space,7.015015,13,6.459955,,,,,,17,0,45,45,17,1,,
,,,865,5e1e319cac30fa19d1e131fe,56,female,2022-11-22_17h13.54,onlinegloss,2022.2.3,Linux armv7l,60.0024001,,,,,,,,,26,2,space,4.90945,21,4.522585,,,,,,39,0,46,46,39,1,,
,,,865,5e1e319cac30fa19d1e131fe,56,female,2022-11-22_17h13.54,onlinegloss,2022.2.3,Linux armv7l,60.0024001,,,,,,,,,27,2,space,7.363805,13,6.890065,,,,,,4,0,47,47,4,1,,
,,,865,5e1e319cac30fa19d1e131fe,56,female,2022-11-22_17h13.54,onlinegloss,2022.2.3,Linux armv7l,60.0024001,,,,,,,,,48,2,space,7.128985,43,6.67284,,,,,,13,0,48,48,13,1,,
,,,865,5e1e319cac30fa19d1e131fe,56,female,2022-11-22_17h13.54,onlinegloss,2022.2.3,Linux armv7l,60.0024001,,,,,,,,,30,2,space,8.835755,20,7.553325,,,,,,47,0,49,49,47,1,,
,,,865,5e1e319cac30fa19d1e131fe,56,female,2022-11-22_17h13.54,onlinegloss,2022.2.3,Linux armv7l,60.0024001,,,,,,,,,26,2,space,5.67372,23,5.13844,,,,,,35,0,50,50,35,1,,
,,,865,5e1e319cac30fa19d1e131fe,56,female,2022-11-22_17h13.54,onlinegloss,2022.2.3,Linux armv7l,60.0024001,,,,,,,,,40,2,space,11.206355,16,10.774135,,,,,,45,0,51,51,45,1,,
,,,865,5e1e319cac30fa19d1e131fe,56,female,2022-11-22_17h13.54,onlinegloss,2022.2.3,Linux armv7l,60.0024001,,,,,,,,,49,2,space,7.37604,3,6.370685,,,,,,79,0,52,52,79,1,,
,,,865,5e1e319cac30fa19d1e131fe,56,female,2022-11-22_17h13.54,onlinegloss,2022.2.3,Linux armv7l,60.0024001,,,,,,,,,40,2,space,8.69466,36,7.838175,,,,,,77,0,53,53,77,1,,
,,,865,5e1e319cac30fa19d1e131fe,56,female,2022-11-22_17h13.54,onlinegloss,2022.2.3,Linux armv7l,60.0024001,,,,,,,,,34,2,space,25.09503,1,10.60489,,,,,,0,0,54,54,0,1,,
,,,865,5e1e319cac30fa19d1e131fe,56,female,2022-11-22_17h13.54,onlinegloss,2022.2.3,Linux armv7l,60.0024001,,,,,,,,,31,2,space,6.521235,3,2.92709,,,,,,49,0,55,55,49,1,,
,,,865,5e1e319cac30fa19d1e131fe,56,female,2022-11-22_17h13.54,onlinegloss,2022.2.3,Linux armv7l,60.0024001,,,,,,,,,44,2,space,25.52239,17,24.903885,,,,,,70,0,56,56,70,1,,
,,,865,5e1e319cac30fa19d1e131fe,56,female,2022-11-22_17h13.54,onlinegloss,2022.2.3,Linux armv7l,60.0024001,,,,,,,,,46,2,space,6.591725,10,6.168535,,,,,,53,0,57,57,53,1,,
,,,865,5e1e319cac30fa19d1e131fe,56,female,2022-11-22_17h13.54,onlinegloss,2022.2.3,Linux armv7l,60.0024001,,,,,,,,,41,2,space,22.256555,3,21.492105,,,,,,7,0,58,58,7,1,,
,,,865,5e1e319cac30fa19d1e131fe,56,female,2022-11-22_17h13.54,onlinegloss,2022.2.3,Linux armv7l,60.0024001,,,,,,,,,50,2,space,7.63403,7,7.182185,,,,,,65,0,59,59,65,1,,
,,,865,5e1e319cac30fa19d1e131fe,56,female,2022-11-22_17h13.54,onlinegloss,2022.2.3,Linux armv7l,60.0024001,,,,,,,,,46,2,space,15.49343,9,14.94056,,,,,,19,0,60,60,19,1,,
,,,865,5e1e319cac30fa19d1e131fe,56,female,2022-11-22_17h13.54,onlinegloss,2022.2.3,Linux armv7l,60.0024001,,,,,,,,,39,2,space,9.362885,16,9.037275,,,,,,82,0,61,61,82,1,,
,,,865,5e1e319cac30fa19d1e131fe,56,female,2022-11-22_17h13.54,onlinegloss,2022.2.3,Linux armv7l,60.0024001,,,,,,,,,35,2,space,4.618475,8,4.079455,,,,,,8,0,62,62,8,1,,
,,,865,5e1e319cac30fa19d1e131fe,56,female,2022-11-22_17h13.54,onlinegloss,2022.2.3,Linux armv7l,60.0024001,,,,,,,,,31,2,space,3.89408,10,3.3172,,,,,,9,0,63,63,9,1,,
,,,865,5e1e319cac30fa19d1e131fe,56,female,2022-11-22_17h13.54,onlinegloss,2022.2.3,Linux armv7l,60.0024001,,,,,,,,,33,2,space,7.201465,12,6.92274,,,,,,26,0,64,64,26,1,,
,,,865,5e1e319cac30fa19d1e131fe,56,female,2022-11-22_17h13.54,onlinegloss,2022.2.3,Linux armv7l,60.0024001,,,,,,,,,31,2,space,10.50987,6,10.119235,,,,,,60,0,65,65,60,1,,
,,,865,5e1e319cac30fa19d1e131fe,56,female,2022-11-22_17h13.54,onlinegloss,2022.2.3,Linux armv7l,60.0024001,,,,,,,,,27,2,space,6.32128,3,6.02232,,,,,,10,0,66,66,10,1,,
,,,865,5e1e319cac30fa19d1e131fe,56,female,2022-11-22_17h13.54,onlinegloss,2022.2.3,Linux armv7l,60.0024001,,,,,,,,,34,2,space,8.86787,14,8.551065,,,,,,15,0,67,67,15,1,,
,,,865,5e1e319cac30fa19d1e131fe,56,female,2022-11-22_17h13.54,onlinegloss,2022.2.3,Linux armv7l,60.0024001,,,,,,,,,45,2,space,5.742255,1,5.098425,,,,,,21,0,68,68,21,1,,
,,,865,5e1e319cac30fa19d1e131fe,56,female,2022-11-22_17h13.54,onlinegloss,2022.2.3,Linux armv7l,60.0024001,,,,,,,,,34,2,space,7.71765,9,7.33303,,,,,,29,0,69,69,29,1,,
,,,865,5e1e319cac30fa19d1e131fe,56,female,2022-11-22_17h13.54,onlinegloss,2022.2.3,Linux armv7l,60.0024001,,,,,,,,,32,2,space,3.34338,1,2.88574,,,,,,64,0,70,70,64,1,,
,,,865,5e1e319cac30fa19d1e131fe,56,female,2022-11-22_17h13.54,onlinegloss,2022.2.3,Linux armv7l,60.0024001,,,,,,,,,51,2,space,5.44003,3,5.13418,,,,,,48,0,71,71,48,1,,
,,,865,5e1e319cac30fa19d1e131fe,56,female,2022-11-22_17h13.54,onlinegloss,2022.2.3,Linux armv7l,60.0024001,,,,,,,,,36,2,space,8.79171,9,8.52041,,,,,,3,0,72,72,3,1,,
,,,865,5e1e319cac30fa19d1e131fe,56,female,2022-11-22_17h13.54,onlinegloss,2022.2.3,Linux armv7l,60.0024001,,,,,,,,,29,2,space,6.98274,13,6.72311,,,,,,55,0,73,73,55,1,,
,,,865,5e1e319cac30fa19d1e131fe,56,female,2022-11-22_17h13.54,onlinegloss,2022.2.3,Linux armv7l,60.0024001,,,,,,,,,31,2,space,9.18439,9,8.772905,,,,,,6,0,74,74,6,1,,
,,,865,5e1e319cac30fa19d1e131fe,56,female,2022-11-22_17h13.54,onlinegloss,2022.2.3,Linux armv7l,60.0024001,,,,,,,,,32,2,space,8.443535,11,8.17148,,,,,,33,0,75,75,33,1,,
,,,865,5e1e319cac30fa19d1e131fe,56,female,2022-11-22_17h13.54,onlinegloss,2022.2.3,Linux armv7l,60.0024001,,,,,,,,,27,2,space,4.03573,1,3.67158,,,,,,75,0,76,76,75,1,,
,,,865,5e1e319cac30fa19d1e131fe,56,female,2022-11-22_17h13.54,onlinegloss,2022.2.3,Linux armv7l,60.0024001,,,,,,,,,47,2,space,6.495745,11,6.22297,,,,,,5,0,77,77,5,1,,
,,,865,5e1e319cac30fa19d1e131fe,56,female,2022-11-22_17h13.54,onlinegloss,2022.2.3,Linux armv7l,60.0024001,,,,,,,,,35,2,space,5.12813,1,4.907145,,,,,,62,0,78,78,62,1,,
,,,865,5e1e319cac30fa19d1e131fe,56,female,2022-11-22_17h13.54,onlinegloss,2022.2.3,Linux armv7l,60.0024001,,,,,,,,,31,2,space,5.45194,3,5.140115,,,,,,27,0,79,79,27,1,,
,,,865,5e1e319cac30fa19d1e131fe,56,female,2022-11-22_17h13.54,onlinegloss,2022.2.3,Linux armv7l,60.0024001,,,,,,,,,31,2,space,12.326555,12,11.05612,,,,,,14,0,80,80,14,1,,
,,,865,5e1e319cac30fa19d1e131fe,56,female,2022-11-22_17h13.54,onlinegloss,2022.2.3,Linux armv7l,60.0024001,,,,,,,,,51,2,space,9.43171,10,8.922655,,,,,,18,0,81,81,18,1,,
,,,865,5e1e319cac30fa19d1e131fe,56,female,2022-11-22_17h13.54,onlinegloss,2022.2.3,Linux armv7l,60.0024001,,,,,,,,,44,2,space,9.884705,10,9.53161,,,,,,57,0,82,82,57,1,,
,,,865,5e1e319cac30fa19d1e131fe,56,female,2022-11-22_17h13.54,onlinegloss,2022.2.3,Linux armv7l,60.0024001,,,,,,,,,50,2,space,7.30445,7,7.06275,,,,,,28,0,83,83,28,1,,
,,,865,5e1e319cac30fa19d1e131fe,56,female,2022-11-22_17h13.54,onlinegloss,2022.2.3,Linux armv7l,60.0024001,,,,,,,,,35,2,space,19.76166,14,19.3199,,,,,,37,0,84,84,37,1,,
,,,865,5e1e319cac30fa19d1e131fe,56,female,2022-11-22_17h13.54,onlinegloss,2022.2.3,Linux armv7l,60.0024001,,,,,,,,,41,2,space,12.29868,15,11.905295,,,,,,19,1,0,85,19,1,,
,,,865,5e1e319cac30fa19d1e131fe,56,female,2022-11-22_17h13.54,onlinegloss,2022.2.3,Linux armv7l,60.0024001,,,,,,,,,36,2,space,7.69959,19,7.32031,,,,,,84,1,1,86,84,1,,
,,,865,5e1e319cac30fa19d1e131fe,56,female,2022-11-22_17h13.54,onlinegloss,2022.2.3,Linux armv7l,60.0024001,,,,,,,,,38,2,space,11.774765,16,11.4065,,,,,,1,1,2,87,1,1,,
,,,865,5e1e319cac30fa19d1e131fe,56,female,2022-11-22_17h13.54,onlinegloss,2022.2.3,Linux armv7l,60.0024001,,,,,,,,,44,2,space,7.377845,17,7.12077,,,,,,54,1,3,88,54,1,,
,,,865,5e1e319cac30fa19d1e131fe,56,female,2022-11-22_17h13.54,onlinegloss,2022.2.3,Linux armv7l,60.0024001,,,,,,,,,29,2,space,6.794485,13,6.441945,,,,,,24,1,4,89,24,1,,
,,,865,5e1e319cac30fa19d1e131fe,56,female,2022-11-22_17h13.54,onlinegloss,2022.2.3,Linux armv7l,60.0024001,,,,,,,,,41,2,space,13.417005,13,13.039995,,,,,,41,1,5,90,41,1,,
,,,865,5e1e319cac30fa19d1e131fe,56,female,2022-11-22_17h13.54,onlinegloss,2022.2.3,Linux armv7l,60.0024001,,,,,,,,,36,2,space,20.181655,16,19.18366,,,,,,57,1,6,91,57,1,,
,,,865,5e1e319cac30fa19d1e131fe,56,female,2022-11-22_17h13.54,onlinegloss,2022.2.3,Linux armv7l,60.0024001,,,,,,,,,37,2,space,10.844865,18,10.35602,,,,,,52,1,7,92,52,1,,
,,,865,5e1e319cac30fa19d1e131fe,56,female,2022-11-22_17h13.54,onlinegloss,2022.2.3,Linux armv7l,60.0024001,,,,,,,,,34,2,space,5.045835,1,2.896295,,,,,,27,1,8,93,27,1,,
,,,865,5e1e319cac30fa19d1e131fe,56,female,2022-11-22_17h13.54,onlinegloss,2022.2.3,Linux armv7l,60.0024001,,,,,,,,,27,2,space,10.944875,15,10.570875,,,,,,56,1,9,94,56,1,,
,,,865,5e1e319cac30fa19d1e131fe,56,female,2022-11-22_17h13.54,onlinegloss,2022.2.3,Linux armv7l,60.0024001,,,,,,,,,34,2,space,19.446395,13,19.09634,,,,,,80,1,10,95,80,1,,
,,,865,5e1e319cac30fa19d1e131fe,56,female,2022-11-22_17h13.54,onlinegloss,2022.2.3,Linux armv7l,60.0024001,,,,,,,,,36,2,space,10.3049,14,9.87178,,,,,,66,1,11,96,66,1,,
,,,865,5e1e319cac30fa19d1e131fe,56,female,2022-11-22_17h13.54,onlinegloss,2022.2.3,Linux armv7l,60.0024001,,,,,,,,,37,2,space,15.86215,9,15.59894,,,,,,76,1,12,97,76,1,,
,,,865,5e1e319cac30fa19d1e131fe,56,female,2022-11-22_17h13.54,onlinegloss,2022.2.3,Linux armv7l,60.0024001,,,,,,,,,37,2,space,6.075065,8,5.676115,,,,,,53,1,13,98,53,1,,
,,,865,5e1e319cac30fa19d1e131fe,56,female,2022-11-22_17h13.54,onlinegloss,2022.2.3,Linux armv7l,60.0024001,,,,,,,,,37,2,space,11.551405,14,11.15682,,,,,,11,1,14,99,11,1,,
,,,865,5e1e319cac30fa19d1e131fe,56,female,2022-11-22_17h13.54,onlinegloss,2022.2.3,Linux armv7l,60.0024001,,,,,,,,,37,2,space,12.068895,12,11.620975,,,,,,48,1,15,100,48,1,,
,,,865,5e1e319cac30fa19d1e131fe,56,female,2022-11-22_17h13.54,onlinegloss,2022.2.3,Linux armv7l,60.0024001,,,,,,,,,32,2,space,18.931435,16,18.50374,,,,,,34,1,16,101,34,1,,
,,,865,5e1e319cac30fa19d1e131fe,56,female,2022-11-22_17h13.54,onlinegloss,2022.2.3,Linux armv7l,60.0024001,,,,,,,,,29,2,space,4.92784,21,4.37911,,,,,,14,1,17,102,14,1,,
,,,865,5e1e319cac30fa19d1e131fe,56,female,2022-11-22_17h13.54,onlinegloss,2022.2.3,Linux armv7l,60.0024001,,,,,,,,,37,2,space,6.02897,2,5.66522,,,,,,9,1,18,103,9,1,,
,,,865,5e1e319cac30fa19d1e131fe,56,female,2022-11-22_17h13.54,onlinegloss,2022.2.3,Linux armv7l,60.0024001,,,,,,,,,40,2,space,8.263985,21,7.99503,,,,,,10,1,19,104,10,1,,
,,,865,5e1e319cac30fa19d1e131fe,56,female,2022-11-22_17h13.54,onlinegloss,2022.2.3,Linux armv7l,60.0024001,,,,,,,,,47,2,space,8.628815,25,8.27176,,,,,,23,1,20,105,23,1,,
,,,865,5e1e319cac30fa19d1e131fe,56,female,2022-11-22_17h13.54,onlinegloss,2022.2.3,Linux armv7l,60.0024001,,,,,,,,,28,2,space,13.891955,15,13.46783,,,,,,67,1,21,106,67,1,,
,,,865,5e1e319cac30fa19d1e131fe,56,female,2022-11-22_17h13.54,onlinegloss,2022.2.3,Linux armv7l,60.0024001,,,,,,,,,51,2,space,4.72204,5,4.3085,,,,,,16,1,22,107,16,1,,
,,,865,5e1e319cac30fa19d1e131fe,56,female,2022-11-22_17h13.54,onlinegloss,2022.2.3,Linux armv7l,60.0024001,,,,,,,,,29,2,space,3.21167,1,2.279375,,,,,,42,1,23,108,42,1,,
,,,865,5e1e319cac30fa19d1e131fe,56,female,2022-11-22_17h13.54,onlinegloss,2022.2.3,Linux armv7l,60.0024001,,,,,,,,,36,2,space,4.46274,17,4.158105,,,,,,37,1,24,109,37,1,,
,,,865,5e1e319cac30fa19d1e131fe,56,female,2022-11-22_17h13.54,onlinegloss,2022.2.3,Linux armv7l,60.0024001,,,,,,,,,40,2,space,11.716245,25,10.936865,,,,,,25,1,25,110,25,1,,
,,,865,5e1e319cac30fa19d1e131fe,56,female,2022-11-22_17h13.54,onlinegloss,2022.2.3,Linux armv7l,60.0024001,,,,,,,,,30,2,space,7.907935,16,7.411145,,,,,,55,1,26,111,55,1,,
,,,865,5e1e319cac30fa19d1e131fe,56,female,2022-11-22_17h13.54,onlinegloss,2022.2.3,Linux armv7l,60.0024001,,,,,,,,,26,2,space,9.31799,20,9.057465,,,,,,69,1,27,112,69,1,,
,,,865,5e1e319cac30fa19d1e131fe,56,female,2022-11-22_17h13.54,onlinegloss,2022.2.3,Linux armv7l,60.0024001,,,,,,,,,46,2,space,7.190585,8,6.866365,,,,,,32,1,28,113,32,1,,
,,,865,5e1e319cac30fa19d1e131fe,56,female,2022-11-22_17h13.54,onlinegloss,2022.2.3,Linux armv7l,60.0024001,,,,,,,,,40,2,space,4.12245,16,3.711995,,,,,,61,1,29,114,61,1,,
,,,865,5e1e319cac30fa19d1e131fe,56,female,2022-11-22_17h13.54,onlinegloss,2022.2.3,Linux armv7l,60.0024001,,,,,,,,,48,2,space,5.475365,8,3.67093,,,,,,45,1,30,115,45,1,,
,,,865,5e1e319cac30fa19d1e131fe,56,female,2022-11-22_17h13.54,onlinegloss,2022.2.3,Linux armv7l,60.0024001,,,,,,,,,26,2,space,9.71072,25,9.48945,,,,,,82,1,31,116,82,1,,
,,,865,5e1e319cac30fa19d1e131fe,56,female,2022-11-22_17h13.54,onlinegloss,2022.2.3,Linux armv7l,60.0024001,,,,,,,,,38,2,space,6.92049,1,5.952805,,,,,,79,1,32,117,79,1,,
,,,865,5e1e319cac30fa19d1e131fe,56,female,2022-11-22_17h13.54,onlinegloss,2022.2.3,Linux armv7l,60.0024001,,,,,,,,,41,2,space,1.630735,,,,,,,,59,1,33,118,59,1,,
,,,865,5e1e319cac30fa19d1e131fe,56,female,2022-11-22_17h13.54,onlinegloss,2022.2.3,Linux armv7l,60.0024001,,,,,,,,,38,2,space,8.91708,13,8.58546,,,,,,43,1,34,119,43,1,,
,,,865,5e1e319cac30fa19d1e131fe,56,female,2022-11-22_17h13.54,onlinegloss,2022.2.3,Linux armv7l,60.0024001,,,,,,,,,39,2,space,7.708015,10,7.321765,,,,,,65,1,35,120,65,1,,
,,,865,5e1e319cac30fa19d1e131fe,56,female,2022-11-22_17h13.54,onlinegloss,2022.2.3,Linux armv7l,60.0024001,,,,,,,,,51,2,space,7.427185,16,7.1058,,,,,,30,1,36,121,30,1,,
,,,865,5e1e319cac30fa19d1e131fe,56,female,2022-11-22_17h13.54,onlinegloss,2022.2.3,Linux armv7l,60.0024001,,,,,,,,,35,2,space,8.07169,9,7.787555,,,,,,28,1,37,122,28,1,,
,,,865,5e1e319cac30fa19d1e131fe,56,female,2022-11-22_17h13.54,onlinegloss,2022.2.3,Linux armv7l,60.0024001,,,,,,,,,52,2,space,8.650475,1,6.6709,,,,,,75,1,38,123,75,1,,
,,,865,5e1e319cac30fa19d1e131fe,56,female,2022-11-22_17h13.54,onlinegloss,2022.2.3,Linux armv7l,60.0024001,,,,,,,,,34,2,space,3.62718,12,3.169465,,,,,,58,1,39,124,58,1,,
,,,865,5e1e319cac30fa19d1e131fe,56,female,2022-11-22_17h13.54,onlinegloss,2022.2.3,Linux armv7l,60.0024001,,,,,,,,,30,2,space,10.73808,16,10.205475,,,,,,29,1,40,125,29,1,,
,,,865,5e1e319cac30fa19d1e131fe,56,female,2022-11-22_17h13.54,onlinegloss,2022.2.3,Linux armv7l,60.0024001,,,,,,,,,45,2,space,12.82365,16,12.548695,,,,,,81,1,41,126,81,1,,
,,,865,5e1e319cac30fa19d1e131fe,56,female,2022-11-22_17h13.54,onlinegloss,2022.2.3,Linux armv7l,60.0024001,,,,,,,,,49,2,space,5.45344,18,5.15282,,,,,,36,1,42,127,36,1,,
,,,865,5e1e319cac30fa19d1e131fe,56,female,2022-11-22_17h13.54,onlinegloss,2022.2.3,Linux armv7l,60.0024001,,,,,,,,,50,2,space,4.333805,1,3.289265,,,,,,20,1,43,128,20,1,,
,,,865,5e1e319cac30fa19d1e131fe,56,female,2022-11-22_17h13.54,onlinegloss,2022.2.3,Linux armv7l,60.0024001,,,,,,,,,29,2,space,5.527105,2,5.2355,,,,,,12,1,44,129,12,1,,
,,,865,5e1e319cac30fa19d1e131fe,56,female,2022-11-22_17h13.54,onlinegloss,2022.2.3,Linux armv7l,60.0024001,,,,,,,,,36,2,space,5.018245,7,4.640615,,,,,,2,1,45,130,2,1,,
,,,865,5e1e319cac30fa19d1e131fe,56,female,2022-11-22_17h13.54,onlinegloss,2022.2.3,Linux armv7l,60.0024001,,,,,,,,,46,2,space,10.30743,14,9.953385,,,,,,3,1,46,131,3,1,,
,,,865,5e1e319cac30fa19d1e131fe,56,female,2022-11-22_17h13.54,onlinegloss,2022.2.3,Linux armv7l,60.0024001,,,,,,,,,35,2,space,5.128965,1,3.438605,,,,,,31,1,47,132,31,1,,
,,,865,5e1e319cac30fa19d1e131fe,56,female,2022-11-22_17h13.54,onlinegloss,2022.2.3,Linux armv7l,60.0024001,,,,,,,,,41,2,space,3.94643,1,3.538665,,,,,,51,1,48,133,51,1,,
,,,865,5e1e319cac30fa19d1e131fe,56,female,2022-11-22_17h13.54,onlinegloss,2022.2.3,Linux armv7l,60.0024001,,,,,,,,,26,2,space,8.51608,11,8.134695,,,,,,71,1,49,134,71,1,,
,,,865,5e1e319cac30fa19d1e131fe,56,female,2022-11-22_17h13.54,onlinegloss,2022.2.3,Linux armv7l,60.0024001,,,,,,,,,33,2,space,10.656565,9,10.347905,,,,,,78,1,50,135,78,1,,
,,,865,5e1e319cac30fa19d1e131fe,56,female,2022-11-22_17h13.54,onlinegloss,2022.2.3,Linux armv7l,60.0024001,,,,,,,,,40,2,space,10.20565,15,9.93681,,,,,,26,1,51,136,26,1,,
,,,865,5e1e319cac30fa19d1e131fe,56,female,2022-11-22_17h13.54,onlinegloss,2022.2.3,Linux armv7l,60.0024001,,,,,,,,,30,2,space,5.930355,3,4.68037,,,,,,15,1,52,137,15,1,,
,,,865,5e1e319cac30fa19d1e131fe,56,female,2022-11-22_17h13.54,onlinegloss,2022.2.3,Linux armv7l,60.0024001,,,,,,,,,50,2,space,8.4059,13,7.864695,,,,,,70,1,53,138,70,1,,
,,,865,5e1e319cac30fa19d1e131fe,56,female,2022-11-22_17h13.54,onlinegloss,2022.2.3,Linux armv7l,60.0024001,,,,,,,,,36,2,space,5.304905,13,4.96135,,,,,,5,1,54,139,5,1,,
,,,865,5e1e319cac30fa19d1e131fe,56,female,2022-11-22_17h13.54,onlinegloss,2022.2.3,Linux armv7l,60.0024001,,,,,,,,,44,2,space,6.399375,12,6.006035,,,,,,46,1,55,140,46,1,,
,,,865,5e1e319cac30fa19d1e131fe,56,female,2022-11-22_17h13.54,onlinegloss,2022.2.3,Linux armv7l,60.0024001,,,,,,,,,42,2,space,8.705935,9,8.37444,,,,,,39,1,56,141,39,1,,
,,,865,5e1e319cac30fa19d1e131fe,56,female,2022-11-22_17h13.54,onlinegloss,2022.2.3,Linux armv7l,60.0024001,,,,,,,,,40,2,space,8.41226,8,8.139505,,,,,,72,1,57,142,72,1,,
,,,865,5e1e319cac30fa19d1e131fe,56,female,2022-11-22_17h13.54,onlinegloss,2022.2.3,Linux armv7l,60.0024001,,,,,,,,,37,2,space,5.237135,9,4.958055,,,,,,47,1,58,143,47,1,,
,,,865,5e1e319cac30fa19d1e131fe,56,female,2022-11-22_17h13.54,onlinegloss,2022.2.3,Linux armv7l,60.0024001,,,,,,,,,50,2,space,4.767685,11,4.53943,,,,,,83,1,59,144,83,1,,
,,,865,5e1e319cac30fa19d1e131fe,56,female,2022-11-22_17h13.54,onlinegloss,2022.2.3,Linux armv7l,60.0024001,,,,,,,,,39,2,space,5.5734,3,5.31962,,,,,,4,1,60,145,4,1,,
,,,865,5e1e319cac30fa19d1e131fe,56,female,2022-11-22_17h13.54,onlinegloss,2022.2.3,Linux armv7l,60.0024001,,,,,,,,,51,2,space,8.17104,13,7.93991,,,,,,73,1,61,146,73,1,,
,,,865,5e1e319cac30fa19d1e131fe,56,female,2022-11-22_17h13.54,onlinegloss,2022.2.3,Linux armv7l,60.0024001,,,,,,,,,30,2,space,3.530555,1,3.20206,,,,,,50,1,62,147,50,1,,
,,,865,5e1e319cac30fa19d1e131fe,56,female,2022-11-22_17h13.54,onlinegloss,2022.2.3,Linux armv7l,60.0024001,,,,,,,,,49,2,space,3.612095,1,3.304635,,,,,,64,1,63,148,64,1,,
,,,865,5e1e319cac30fa19d1e131fe,56,female,2022-11-22_17h13.54,onlinegloss,2022.2.3,Linux armv7l,60.0024001,,,,,,,,,30,2,space,12.911325,20,12.054495,,,,,,13,1,64,149,13,1,,
,,,865,5e1e319cac30fa19d1e131fe,56,female,2022-11-22_17h13.54,onlinegloss,2022.2.3,Linux armv7l,60.0024001,,,,,,,,,48,2,space,8.91058,14,8.65744,,,,,,22,1,65,150,22,1,,
,,,865,5e1e319cac30fa19d1e131fe,56,female,2022-11-22_17h13.54,onlinegloss,2022.2.3,Linux armv7l,60.0024001,,,,,,,,,44,2,space,5.040275,11,4.655255,,,,,,38,1,66,151,38,1,,
,,,865,5e1e319cac30fa19d1e131fe,56,female,2022-11-22_17h13.54,onlinegloss,2022.2.3,Linux armv7l,60.0024001,,,,,,,,,48,2,space,3.332915,10,2.55767,,,,,,35,1,67,152,35,1,,
,,,865,5e1e319cac30fa19d1e131fe,56,female,2022-11-22_17h13.54,onlinegloss,2022.2.3,Linux armv7l,60.0024001,,,,,,,,,48,2,space,8.20349,7,6.40692,,,,,,17,1,68,153,17,1,,
,,,865,5e1e319cac30fa19d1e131fe,56,female,2022-11-22_17h13.54,onlinegloss,2022.2.3,Linux armv7l,60.0024001,,,,,,,,,46,2,space,7.67103,9,7.32906,,,,,,6,1,69,154,6,1,,
,,,865,5e1e319cac30fa19d1e131fe,56,female,2022-11-22_17h13.54,onlinegloss,2022.2.3,Linux armv7l,60.0024001,,,,,,,,,40,2,space,4.627515,10,4.378275,,,,,,18,1,70,155,18,1,,
,,,865,5e1e319cac30fa19d1e131fe,56,female,2022-11-22_17h13.54,onlinegloss,2022.2.3,Linux armv7l,60.0024001,,,,,,,,,50,2,space,5.375035,7,5.042465,,,,,,33,1,71,156,33,1,,
,,,865,5e1e319cac30fa19d1e131fe,56,female,2022-11-22_17h13.54,onlinegloss,2022.2.3,Linux armv7l,60.0024001,,,,,,,,,36,2,space,20.847045,13,19.870875,,,,,,49,1,72,157,49,1,,
,,,865,5e1e319cac30fa19d1e131fe,56,female,2022-11-22_17h13.54,onlinegloss,2022.2.3,Linux armv7l,60.0024001,,,,,,,,,45,2,space,5.18807,15,4.95645,,,,,,77,1,73,158,77,1,,
,,,865,5e1e319cac30fa19d1e131fe,56,female,2022-11-22_17h13.54,onlinegloss,2022.2.3,Linux armv7l,60.0024001,,,,,,,,,52,2,space,6.21439,20,5.900385,,,,,,7,1,74,159,7,1,,
,,,865,5e1e319cac30fa19d1e131fe,56,female,2022-11-22_17h13.54,onlinegloss,2022.2.3,Linux armv7l,60.0024001,,,,,,,,,49,2,space,5.73506,16,5.45948,,,,,,74,1,75,160,74,1,,
,,,865,5e1e319cac30fa19d1e131fe,56,female,2022-11-22_17h13.54,onlinegloss,2022.2.3,Linux armv7l,60.0024001,,,,,,,,,31,2,space,3.35804,15,3.10194,,,,,,44,1,76,161,44,1,,
,,,865,5e1e319cac30fa19d1e131fe,56,female,2022-11-22_17h13.54,onlinegloss,2022.2.3,Linux armv7l,60.0024001,,,,,,,,,43,2,space,3.7832,3,3.524825,,,,,,60,1,77,162,60,1,,
,,,865,5e1e319cac30fa19d1e131fe,56,female,2022-11-22_17h13.54,onlinegloss,2022.2.3,Linux armv7l,60.0024001,,,,,,,,,33,2,space,6.08486,14,5.83991,,,,,,40,1,78,163,40,1,,
,,,865,5e1e319cac30fa19d1e131fe,56,female,2022-11-22_17h13.54,onlinegloss,2022.2.3,Linux armv7l,60.0024001,,,,,,,,,46,2,space,11.966215,19,11.288295,,,,,,8,1,79,164,8,1,,
,,,865,5e1e319cac30fa19d1e131fe,56,female,2022-11-22_17h13.54,onlinegloss,2022.2.3,Linux armv7l,60.0024001,,,,,,,,,46,2,space,4.842415,16,4.551515,,,,,,63,1,80,165,63,1,,
,,,865,5e1e319cac30fa19d1e131fe,56,female,2022-11-22_17h13.54,onlinegloss,2022.2.3,Linux armv7l,60.0024001,,,,,,,,,33,2,space,5.147495,14,4.209725,,,,,,21,1,81,166,21,1,,
,,,865,5e1e319cac30fa19d1e131fe,56,female,2022-11-22_17h13.54,onlinegloss,2022.2.3,Linux armv7l,60.0024001,,,,,,,,,32,2,space,3.4794,16,3.23985,,,,,,68,1,82,167,68,1,,
,,,865,5e1e319cac30fa19d1e131fe,56,female,2022-11-22_17h13.54,onlinegloss,2022.2.3,Linux armv7l,60.0024001,,,,,,,,,39,2,space,20.31235,1,8.724755,,,,,,0,1,83,168,0,1,,
,,,865,5e1e319cac30fa19d1e131fe,56,female,2022-11-22_17h13.54,onlinegloss,2022.2.3,Linux armv7l,60.0024001,,,,,,,,,43,2,space,10.137355,11,8.64214,,,,,,62,1,84,169,62,1,,
,,,865,5e1e319cac30fa19d1e131fe,56,female,2022-11-22_17h13.54,onlinegloss,2022.2.3,Linux armv7l,60.0024001,,,,,,,,,,,,,,,,,,,,,,,,,,,
,,,865,5e1e319cac30fa19d1e131fe,56,female,2022-11-22_17h13.54,onlinegloss,2022.2.3,Linux armv7l,60.0024001,,,,,,,,,,,,,,,,,,,,,,,,,,space,86.043415
,,,865,5e1e319cac30fa19d1e131fe,56,female,2022-11-22_17h13.54,onlinegloss,2022.2.3,Linux armv7l,60.0024001,,,,,,,,,,,,,,,,,,,,,,,,,,,
